Smith,1,0,2105555555,Engineering
Jones,2,1,2105555556,Engineering
James,3,1,2105555557,Engineering
Robert,4,1,2105555558,Engineering
John,5,1,2105555559,Engineering
Michael,6,2,2105555560,Engineering
William,7,2,2105555561,Engineering
David,8,1,2105555562,Engineering
Richard,9,1,2105555563,Engineering
Joseph,10,1,2105555564,Engineering
Thomas,11,1,2105555565,Engineering
Charles,12,2,2105555566,Engineering
Daniel,13,1,2105555567,Engineering
Matthew,14,1,2105555568,Engineering
Anthony,15,1,2105555569,Engineering
Mark,16,1,2105555570,Engineering
Donald,17,1,2105555571,Engineering
Steven,18,2,2105555572,Engineering
Paul,19,2,2105555573,Accounting
Andrew,20,1,2105555574,Accounting
Joshua,21,1,2105555575,Accounting
Kenneth,22,1,2105555576,Accounting
Kevin,23,1,2105555577,Accounting
Brian,24,2,2105555578,Accounting
George,25,1,2105555579,Accounting
Edward,26,1,2105555580,Accounting
Ronald,27,1,2105555581,Accounting
Timothy,28,2,2105555582,Marketing
Jason,29,2,2105555583,Marketing
Jeffery,30,1,2105555584,Marketing
Ryan,31,1,2105555585,Marketing
Jacob,32,1,2105555586,Marketing
Gary,33,1,2105555587,Marketing
Nicholas,34,1,2105555588,Marketing
Eric,35,2,2105555589,Marketing
Jonathan,36,1,2105555590,Marketing
Stephen,37,1,2105555591,Marketing
Larry,38,1,2105555592,Marketing
Justin,39,2,2105555593,Sales
Scott,40,1,2105555594,Sales
Brandon,41,1,2105555595,Sales
Benjamin,42,1,2105555596,Sales
Samuel,43,1,2105555597,Sales
Gregory,44,1,2105555598,Sales
Frank,45,2,2105555599,Sales
